{"cameraMode":{"drawMode":0,"name":"Shaded","section":"Shading Mode"},"sceneLighting":true,"audioPlay":false,"sceneViewState":{"showFog":true,"showMaterialUpdate":false,"showSkybox":true,"showFlares":true,"showImageEffects":true,"showParticleSystems":true},"in2DMode":false,"pivot":{"x":-1.8355097770690919,"y":0.8927618265151978,"z":6.025000095367432},"rotation":{"x":-0.16539129614830018,"y":0.4425036311149597,"z":-0.08341005444526673,"w":-0.8774275779724121},"size":3.7401626110076906,"orthographic":false}